case,time_min,feed_kmol_min,x_bottom,x_feed,x_top,M_bottom_kmol,M_feed_kmol,M_top_kmol,distillate_light_kmol_min,bottoms_light_kmol_min,total_inventory_kmol,light_inventory_kmol,max_abs_x_v2_minus_reference,max_abs_M_v2_minus_reference_kmol
nominal_profile_drift,0.0,1.0,0.01,0.49872493204438,0.99,0.5,0.5,0.5,0.495,0.005,20.5,10.252526848610952,0.0,0.0
nominal_profile_drift,10.0,1.0,0.0100000229885878,0.4987249267901566,0.9899999799299278,0.5,0.5,0.5,0.4949999899649639,0.0050000114942939,20.5,10.252526835477873,1.3465895065678524e-12,0.0
nominal_profile_drift,20.0,1.0,0.010000032720112599,0.4987249319373598,0.9899999685123755,0.5,0.5,0.5,0.49499998425618774,0.005000016360056299,20.5,10.25252682525718,1.216249323476859e-12,0.0
nominal_profile_drift,30.0,1.0,0.010000036901671536,0.4987249346128294,0.9899999633802032,0.5,0.5,0.5,0.4949999816901016,0.005000018450835768,20.5,10.252526821779577,4.990452495690079e-13,0.0
nominal_profile_drift,40.0,1.0,0.010000038728267381,0.4987249358685153,0.9899999611392044,0.5,0.5,0.5,0.4949999805696022,0.005000019364133691,20.5,10.252526821554456,2.3292479056635784e-13,0.0
nominal_profile_drift,50.0,1.0,0.010000039531763871,0.4987249364813262,0.9899999601670818,0.5,0.5,0.5,0.4949999800835409,0.005000019765881936,20.5,10.252526822703855,1.0114131754335176e-13,0.0
nominal_profile_drift,60.0,1.0,0.010000039888954116,0.4987249368093738,0.9899999597485349,0.5,0.5,0.5,0.49499997987426747,0.005000019944477058,20.5,10.252526824391234,4.118927421359331e-14,0.0
nominal_profile_drift,70.0,1.0,0.010000040051170635,0.4987249370101086,0.9899999595711718,0.5,0.5,0.5,0.4949999797855859,0.005000020025585318,20.5,10.252526826253714,1.84297022087776e-14,0.0
nominal_profile_drift,80.0,1.0,0.010000040128030276,0.49872493715241734,0.9899999594987386,0.5,0.5,0.5,0.4949999797493693,0.005000020064015138,20.5,10.25252682813596,8.43769498715119e-15,0.0
nominal_profile_drift,90.0,1.0,0.01000004016735584,0.49872493726649236,0.9899999594718217,0.5,0.5,0.5,0.49499997973591087,0.00500002008367792,20.5,10.252526829973059,4.218847493575595e-15,0.0
nominal_profile_drift,100.0,1.0,0.010000040190020541,0.4987249373656405,0.9899999594645205,0.5,0.5,0.5,0.49499997973226023,0.0050000200950102705,20.5,10.252526831739406,3.774758283725532e-15,0.0
nominal_profile_drift,110.0,1.0,0.010000040205143411,0.49872493745579805,0.9899999594655489,0.5,0.5,0.5,0.49499997973277443,0.0050000201025717055,20.5,10.252526833426403,2.9976021664879227e-15,0.0
nominal_profile_drift,120.0,1.0,0.010000040216712438,0.49872493753967595,0.9899999594700005,0.5,0.5,0.5,0.49499997973500026,0.005000020108356219,20.5,10.252526835032734,4.107825191113079e-15,0.0
nominal_profile_drift,130.0,1.0,0.010000040226480841,0.4987249376185755,0.9899999594757448,0.5,0.5,0.5,0.4949999797378724,0.0050000201132404205,20.5,10.252526836560136,5.440092820663267e-15,0.0
nominal_profile_drift,140.0,1.0,0.010000040235227166,0.4987249376931778,0.989999959481861,0.5,0.5,0.5,0.4949999797409305,0.005000020117613583,20.5,10.252526838011567,2.4424906541753444e-15,0.0
nominal_profile_drift,150.0,1.0,0.010000040243302531,0.4987249377638866,0.9899999594879579,0.5,0.5,0.5,0.49499997974397897,0.0050000201216512654,20.5,10.252526839390407,1.3322676295501878e-15,0.0
nominal_profile_drift,160.0,1.0,0.010000040250871174,0.49872493783097926,0.989999959493874,0.5,0.5,0.5,0.494999979746937,0.005000020125435587,20.5,10.252526840700112,8.881784197001252e-16,0.0
nominal_profile_drift,170.0,1.0,0.010000040258015498,0.49872493789467315,0.9899999594995472,0.5,0.5,0.5,0.4949999797497736,0.005000020129007749,20.5,10.252526841944073,8.881784197001252e-16,0.0
nominal_profile_drift,180.0,1.0,0.01000004026478159,0.49872493795515427,0.9899999595049596,0.5,0.5,0.5,0.4949999797524798,0.005000020132390795,20.5,10.252526843125551,6.661338147750939e-16,0.0
nominal_profile_drift,190.0,1.0,0.01000004027119934,0.49872493801259105,0.9899999595101107,0.5,0.5,0.5,0.49499997975505533,0.00500002013559967,20.5,10.252526844247676,3.3306690738754696e-16,0.0
nominal_profile_drift,200.0,1.0,0.010000040277290932,0.4987249380671394,0.989999959515007,0.5,0.5,0.5,0.4949999797575035,0.005000020138645466,20.5,10.252526845313419,4.440892098500626e-16,0.0
nominal_profile_drift,210.0,1.0,0.010000040283074838,0.4987249381189459,0.9899999595196592,0.5,0.5,0.5,0.4949999797598296,0.005000020141537419,20.5,10.252526846325612,4.440892098500626e-16,0.0
nominal_profile_drift,220.0,1.0,0.010000040288567446,0.4987249381681489,0.989999959524079,0.5,0.5,0.5,0.4949999797620395,0.005000020144283723,20.5,10.252526847286955,4.440892098500626e-16,0.0
nominal_profile_drift,230.0,1.0,0.010000040293783744,0.49872493821487934,0.9899999595282768,0.5,0.5,0.5,0.4949999797641384,0.005000020146891872,20.5,10.252526848199984,7.771561172376096e-16,0.0
nominal_profile_drift,240.0,1.0,0.010000040298737816,0.49872493825926156,0.9899999595322639,0.5,0.5,0.5,0.49499997976613197,0.005000020149368908,20.5,10.252526849067136,4.440892098500626e-16,0.0
nominal_profile_drift,250.0,1.0,0.010000040303442882,0.4987249383014134,0.9899999595360506,0.5,0.5,0.5,0.4949999797680253,0.005000020151721441,20.5,10.252526849890717,4.440892098500626e-16,0.0
nominal_profile_drift,260.0,1.0,0.01000004030791149,0.49872493834144743,0.9899999595396474,0.5,0.5,0.5,0.4949999797698237,0.005000020153955745,20.5,10.252526850672915,5.551115123125783e-16,0.0
nominal_profile_drift,270.0,1.0,0.010000040312155569,0.49872493837946963,0.9899999595430629,0.5,0.5,0.5,0.49499997977153143,0.005000020156077784,20.5,10.252526851415805,4.440892098500626e-16,0.0
nominal_profile_drift,280.0,1.0,0.01000004031618638,0.4987249384155815,0.9899999595463074,0.5,0.5,0.5,0.4949999797731537,0.00500002015809319,20.5,10.252526852121372,7.771561172376096e-16,0.0
nominal_profile_drift,290.0,1.0,0.010000040320014645,0.49872493844987853,0.9899999595493884,0.5,0.5,0.5,0.4949999797746942,0.0050000201600073225,20.5,10.252526852791478,6.661338147750939e-16,0.0
nominal_profile_drift,300.0,1.0,0.010000040323650537,0.4987249384824523,0.9899999595523149,0.5,0.5,0.5,0.49499997977615745,0.0050000201618252684,20.5,10.252526853427916,3.3306690738754696e-16,0.0
nominal_profile_drift,310.0,1.0,0.010000040327103733,0.4987249385133893,0.9899999595550942,0.5,0.5,0.5,0.4949999797775471,0.0050000201635518665,20.5,10.252526854032377,7.771561172376096e-16,0.0
nominal_profile_drift,320.0,1.0,0.010000040330383419,0.498724938542772,0.9899999595577337,0.5,0.5,0.5,0.49499997977886684,0.005000020165191709,20.5,10.25252685460646,5.551115123125783e-16,0.0
nominal_profile_drift,330.0,1.0,0.010000040333498305,0.49872493857067796,0.989999959560241,0.5,0.5,0.5,0.4949999797801205,0.005000020166749153,20.5,10.2525268551517,4.440892098500626e-16,0.0
nominal_profile_drift,340.0,1.0,0.010000040336456689,0.4987249385971818,0.9899999595626218,0.5,0.5,0.5,0.4949999797813109,0.0050000201682283444,20.5,10.252526855669542,3.3306690738754696e-16,0.0
nominal_profile_drift,350.0,1.0,0.010000040339266407,0.498724938622354,0.9899999595648834,0.5,0.5,0.5,0.4949999797824417,0.005000020169633203,20.5,10.252526856161364,3.3306690738754696e-16,0.0
nominal_profile_drift,360.0,1.0,0.010000040341934942,0.49872493864626116,0.9899999595670311,0.5,0.5,0.5,0.49499997978351556,0.005000020170967471,20.5,10.25252685662847,3.3306690738754696e-16,0.0
nominal_profile_drift,370.0,1.0,0.010000040344469389,0.4987249386689671,0.9899999595690708,0.5,0.5,0.5,0.4949999797845354,0.005000020172234694,20.5,10.252526857072107,4.440892098500626e-16,0.0
nominal_profile_drift,380.0,1.0,0.01000004034687648,0.49872493869053197,0.9899999595710084,0.5,0.5,0.5,0.4949999797855042,0.00500002017343824,20.5,10.252526857493452,4.440892098500626e-16,0.0
nominal_profile_drift,390.0,1.0,0.010000040349162612,0.49872493871101353,0.9899999595728485,0.5,0.5,0.5,0.49499997978642424,0.005000020174581306,20.5,10.252526857893624,6.661338147750939e-16,0.0
nominal_profile_drift,400.0,1.0,0.010000040351333873,0.49872493873046575,0.9899999595745961,0.5,0.5,0.5,0.49499997978729804,0.005000020175666937,20.5,10.25252685827369,6.661338147750939e-16,0.0
nominal_profile_drift,410.0,1.0,0.010000040353396043,0.4987249387489405,0.9899999595762558,0.5,0.5,0.5,0.4949999797881279,0.005000020176698022,20.5,10.252526858634658,4.440892098500626e-16,0.0
nominal_profile_drift,420.0,1.0,0.010000040355354598,0.498724938766487,0.9899999595778317,0.5,0.5,0.5,0.49499997978891586,0.005000020177677299,20.5,10.252526858977488,5.551115123125783e-16,0.0
nominal_profile_drift,430.0,1.0,0.010000040357214737,0.4987249387831519,0.9899999595793292,0.5,0.5,0.5,0.4949999797896646,0.0050000201786073685,20.5,10.252526859303092,3.3306690738754696e-16,0.0
nominal_profile_drift,440.0,1.0,0.010000040358981395,0.4987249387989794,0.9899999595807509,0.5,0.5,0.5,0.49499997979037547,0.0050000201794906975,20.5,10.252526859612335,7.771561172376096e-16,0.0
nominal_profile_drift,450.0,1.0,0.010000040360659287,0.49872493881401153,0.9899999595821013,0.5,0.5,0.5,0.49499997979105065,0.0050000201803296436,20.5,10.252526859906038,7.771561172376096e-16,0.0
nominal_profile_drift,460.0,1.0,0.010000040362252879,0.4987249388282885,0.989999959583384,0.5,0.5,0.5,0.494999979791692,0.005000020181126439,20.5,10.252526860184984,9.992007221626409e-16,0.0
nominal_profile_drift,470.0,1.0,0.010000040363766389,0.4987249388418479,0.9899999595846023,0.5,0.5,0.5,0.49499997979230115,0.005000020181883194,20.5,10.252526860449914,7.216449660063518e-16,0.0
nominal_profile_drift,480.0,1.0,0.010000040365203843,0.49872493885472585,0.9899999595857595,0.5,0.5,0.5,0.49499997979287974,0.005000020182601921,20.5,10.252526860701527,7.216449660063518e-16,0.0
nominal_profile_drift,490.0,1.0,0.010000040366569067,0.4987249388669567,0.989999959586858,0.5,0.5,0.5,0.494999979793429,0.005000020183284533,20.5,10.252526860940499,4.440892098500626e-16,0.0
nominal_profile_drift,500.0,1.0,0.010000040367865677,0.49872493887857283,0.9899999595879017,0.5,0.5,0.5,0.49499997979395083,0.0050000201839328386,20.5,10.252526861167462,6.661338147750939e-16,0.0
feed_plus_1_percent,0.0,1.01,0.01,0.49872493204438,0.99,0.5,0.5,0.5,0.495,0.005,20.5,10.252526848610952,0.0,0.0
feed_plus_1_percent,10.0,1.01,0.010521162631355926,0.5009125395325228,0.9900108082098132,0.5874000000002454,0.5006299999999999,0.5,0.4950054041049066,0.005260581315677963,20.599999999999994,10.301236011123235,4.440892098500626e-16,4.6629367034256575e-15
feed_plus_1_percent,20.0,1.01,0.010911345079375094,0.5031924670631146,0.9900933834644908,0.6873999999999867,0.50063,0.5,0.4950466917322454,0.005455672539687547,20.699999999999996,10.347383565050771,7.771561172376096e-16,1.432187701766452e-14
feed_plus_1_percent,30.0,1.01,0.011232509984298845,0.5053173255416196,0.9902277105257531,0.7874000000000018,0.5006300000000001,0.5,0.49511385526287655,0.005616254992149423,20.799999999999997,10.391214889279482,6.661338147750939e-16,3.552713678800501e-15
feed_plus_1_percent,40.0,1.01,0.011520447184602644,0.5073042143227491,0.9903784055685864,0.8873999999999953,0.50063,0.5,0.4951892027842932,0.005760223592301322,20.9,10.43280957436337,5.551115123125783e-16,2.886579864025407e-15
feed_plus_1_percent,50.0,1.01,0.011789814047057099,0.5091679490491542,0.9905287637614743,0.9873999999999977,0.5006299999999999,0.5,0.4952643818807371,0.005894907023528549,21.0,10.472257973865643,6.661338147750939e-16,8.881784197001252e-16
feed_plus_1_percent,60.0,1.01,0.012047009148365989,0.5109178867935273,0.9906721066305441,1.0874000000000001,0.5006299999999999,0.5,0.49533605331527203,0.006023504574182994,21.1,10.509655810690575,3.3306690738754696e-16,1.3322676295501878e-15
feed_plus_1_percent,70.0,1.01,0.012294770118720794,0.5125610138376345,0.990806146382148,1.1873999999999991,0.5006299999999999,0.5,0.495403073191074,0.006147385059360397,21.2,10.545098054667402,7.771561172376096e-16,4.440892098500626e-16
feed_plus_1_percent,80.0,1.01,0.01253419859212197,0.5141033301265789,0.9909304442891084,1.2873999999999985,0.50063,0.5,0.4954652221445542,0.006267099296060985,21.299999999999997,10.57867677057238,5.551115123125783e-16,2.886579864025407e-15
feed_plus_1_percent,90.0,1.01,0.012765678892161073,0.515550367298783,0.9910453097875139,1.3873999999999993,0.50063,0.5,0.49552265489375696,0.006382839446080537,21.4,10.610480591945674,4.440892098500626e-16,1.1102230246251565e-15
feed_plus_1_percent,100.0,1.01,0.012989296039369175,0.5169073716767901,0.9911513281828167,1.4873999999999992,0.50063,0.5,0.49557566409140835,0.006494648019684588,21.5,10.6405947322549,5.551115123125783e-16,4.440892098500626e-16
feed_plus_1_percent,110.0,1.01,0.01320502540660663,0.518179364558433,0.9912491606597079,1.5873999999999997,0.5006299999999999,0.5,0.49562458032985396,0.006602512703303315,21.599999999999998,10.669101137499617,1.6254358969902682e-15,5.551115123125783e-16
feed_plus_1_percent,120.0,1.01,0.013412817954113953,0.5193711596631811,0.9913394620591234,1.687399999999999,0.50063,0.5,0.4956697310295617,0.006706408977056977,21.699999999999996,10.696078650041382,3.58046925441613e-15,4.440892098500626e-16
feed_plus_1_percent,130.0,1.01,0.013612637580694729,0.5204873669679273,0.9914228493734527,1.7874000000000003,0.5006299999999999,0.5,0.49571142468672635,0.006806318790347364,21.799999999999997,10.72160314796926,2.6645352591003757e-15,3.3306690738754696e-16
feed_plus_1_percent,140.0,1.01,0.01380447643284194,0.5215323932526771,0.9914998918421124,1.8874000000000006,0.5006299999999999,0.5,0.4957499459210562,0.00690223821642097,21.900000000000002,10.745747655690835,2.220446049250313e-15,1.3322676295501878e-15
feed_plus_1_percent,150.0,1.01,0.013988360019564997,0.5225104427556192,0.9915711100112659,1.9874000000000032,0.5006300000000001,0.5,0.4957855550056329,0.006994180009782499,22.0,10.768582430480528,1.609823385706477e-15,4.6629367034256575e-15
feed_plus_1_percent,160.0,1.01,0.014164347592366377,0.5234255188833745,0.9916369782971721,2.0874,0.5006300000000001,0.5,0.49581848914858606,0.007082173796183189,22.1,10.790175031301407,1.6653345369377348e-15,2.6645352591003757e-15
feed_plus_1_percent,170.0,1.01,0.014332530329545496,0.5242814270966027,0.9916979287183358,2.187400000000001,0.5006299999999999,0.5,0.4958489643591679,0.007166265164772748,22.200000000000003,10.81059037556994,1.609823385706477e-15,1.3322676295501878e-15
feed_plus_1_percent,180.0,1.01,0.014493028523679955,0.5250817788428378,0.9917543548232919,2.2874000000000025,0.5006299999999999,0.5,0.49587717741164594,0.0072465142618399776,22.300000000000004,10.829890788432868,1.4988010832439613e-15,3.552713678800501e-15
feed_plus_1_percent,190.0,1.01,0.014645988353256853,0.5258299963536194,0.9918066154298786,2.3874000000000044,0.50063,0.5,0.4959033077149393,0.0073229941766284265,22.400000000000002,10.84813604805289,1.5543122344752192e-15,6.217248937900877e-15
feed_plus_1_percent,200.0,1.01,0.014791578531209337,0.5265293181279058,0.9918550380446551,2.487400000000003,0.5006299999999999,0.5,0.49592751902232757,0.007395789265604668,22.500000000000004,10.86538342950738,1.5543122344752192e-15,4.884981308350689e-15
feed_plus_1_percent,210.0,1.01,0.014929986985783935,0.5271828049439539,0.9918999219365962,2.5874000000000037,0.5006300000000002,0.5,0.4959499609682981,0.007464993492891967,22.600000000000005,10.881687749178907,1.27675647831893e-15,4.884981308350689e-15
feed_plus_1_percent,220.0,1.01,0.01506141766127639,0.5277933462633663,0.9919415408809185,2.687400000000003,0.50063,0.5,0.49597077044045923,0.007530708830638195,22.700000000000003,10.897101410936221,9.43689570931383e-16,4.440892098500626e-15
feed_plus_1_percent,230.0,1.01,0.015186087490456284,0.528363666910534,0.9919801456032226,2.787400000000004,0.5006299999999999,0.5,0.4959900728016113,0.007593043745228142,22.800000000000004,10.911674454942709,9.992007221626409e-16,6.217248937900877e-15
feed_plus_1_percent,240.0,1.01,0.015304223570001716,0.5288963339277668,0.9920159659570414,2.887400000000005,0.5006299999999999,0.5,0.4960079829785207,0.007652111785000858,22.900000000000006,10.925454609564543,8.881784197001252e-16,7.105427357601002e-15
feed_plus_1_percent,250.0,1.01,0.015416060557263973,0.5293937635213268,0.9920492128663282,2.987400000000006,0.50063,0.5,0.4960246064331641,0.007708030278631987,23.000000000000007,10.938487346566317,8.049116928532385e-16,6.217248937900877e-15
feed_plus_1_percent,260.0,1.01,0.015521838297641612,0.5298582280267111,0.9920800800612648,3.087400000000006,0.50063,0.5,0.4960400400306324,0.007760919148820806,23.10000000000001,10.950815939564052,7.771561172376096e-16,6.661338147750939e-15
feed_plus_1_percent,270.0,1.01,0.015621799685146348,0.5302918628331083,0.9921087456323991,3.1874000000000056,0.5006300000000001,0.5,0.4960543728161996,0.007810899842573174,23.200000000000003,10.962481525543083,7.771561172376096e-16,7.549516567451064e-15
feed_plus_1_percent,280.0,1.01,0.015716188753608664,0.5306966732171969,0.9921353734248627,3.2874000000000043,0.5006299999999999,0.5,0.49606768671243134,0.007858094376804332,23.300000000000008,10.973523169132136,6.661338147750939e-16,4.440892098500626e-15
feed_plus_1_percent,290.0,1.01,0.01580524899201383,0.5310745410455017,0.9921601142915591,3.3874000000000066,0.5006299999999998,0.5,0.4960800571457796,0.007902624496006915,23.400000000000006,10.983977929246432,8.881784197001252e-16,6.661338147750939e-15
feed_plus_1_percent,300.0,1.01,0.01588922187444759,0.5314272313124541,0.9921831072217039,3.4874000000000067,0.5006300000000001,0.5,0.49609155361085194,0.007944610937223795,23.500000000000007,10.993880927665138,6.661338147750939e-16,8.43769498715119e-15
feed_plus_1_percent,310.0,1.01,0.01596834559291842,0.5317563984882586,0.9922044803589376,3.5874000000000064,0.5006299999999999,0.5,0.4961022401794688,0.00798417279645921,23.60000000000001,11.003265419085508,6.106226635438361e-16,7.993605777301127e-15
feed_plus_1_percent,320.0,1.01,0.016042853979784385,0.5320635926567042,0.992224351921389,3.687400000000009,0.50063,0.5,0.4961121759606945,0.008021426989892192,23.70000000000001,11.012162862192534,5.551115123125783e-16,9.769962616701378e-15
feed_plus_1_percent,330.0,1.01,0.016112975605548703,0.5323502654282661,0.9922428310344763,3.7874000000000065,0.5006299999999998,0.5,0.49612141551723815,0.008056487802774352,23.800000000000008,11.020602991293986,6.661338147750939e-16,7.549516567451064e-15
feed_plus_1_percent,340.0,1.01,0.016178933037294726,0.5326177756183313,0.9922600184858885,3.8874000000000066,0.50063,0.5,0.49613000924294426,0.008089466518647363,23.900000000000006,11.028613888092902,5.551115123125783e-16,6.661338147750939e-15
feed_plus_1_percent,350.0,1.01,0.016240942242938303,0.5328673946841663,0.9922760074110102,3.987400000000005,0.50063,0.5,0.4961380037055051,0.008120471121469151,24.000000000000007,11.03622205319946,6.661338147750939e-16,4.440892098500626e-15
feed_plus_1_percent,360.0,1.01,0.01629921212668596,0.5331003119174701,0.9922908839160546,4.087400000000008,0.5006299999999999,0.5,0.4961454419580273,0.00814960606334298,24.10000000000001,11.043452477018956,6.661338147750939e-16,6.217248937900877e-15
feed_plus_1_percent,370.0,1.01,0.016353944181548896,0.5333176393920387,0.9923047276453123,4.187400000000007,0.5006299999999999,0.5,0.49615236382265615,0.008176972090774448,24.20000000000001,11.050328709690643,4.440892098500626e-16,6.217248937900877e-15
feed_plus_1_percent,380.0,1.01,0.01640533224540272,0.5335204166682791,0.9923176122981577,4.287400000000007,0.50063,0.5,0.49615880614907887,0.00820266612270136,24.300000000000004,11.056872929791265,4.440892098500626e-16,5.329070518200751e-15
feed_plus_1_percent,390.0,1.01,0.01645356234785579,0.5337096152581359,0.9923296061008161,4.387400000000006,0.5006300000000001,0.5,0.49616480305040805,0.008226781173927895,24.400000000000006,11.063106011556105,5.551115123125783e-16,2.6645352591003757e-15
feed_plus_1_percent,400.0,1.01,0.016498812636050145,0.5338861428554442,0.9923407722373278,4.487400000000004,0.5006299999999998,0.5,0.4961703861186639,0.008249406318025072,24.500000000000007,11.069047590408562,6.661338147750939e-16,4.440892098500626e-15
feed_plus_1_percent,410.0,1.01,0.016541253368419478,0.5340508473378969,0.9923511692436466,4.5874000000000015,0.5006299999999999,0.5,0.4961755846218233,0.008270626684209739,24.6,11.074716126625315,5.551115123125783e-16,8.881784197001252e-16
feed_plus_1_percent,420.0,1.01,0.016581046966368092,0.5342045205476686,0.9923608513683849,4.687400000000003,0.5006299999999999,0.5,0.49618042568419246,0.008290523483184046,24.700000000000003,11.080128966998176,3.3306690738754696e-16,1.7763568394002505e-15
feed_plus_1_percent,430.0,1.01,0.016618348114747102,0.5343479018584586,0.9923698689033392,4.7874000000000025,0.50063,0.5,0.4961849344516696,0.008309174057373551,24.800000000000004,11.085302404385022,4.996003610813204e-16,6.661338147750939e-16
feed_plus_1_percent,440.0,1.01,0.01665330390291512,0.534481681537137,0.9923782684865917,4.887400000000001,0.5006299999999999,0.5,0.49618913424329586,0.00832665195145756,24.9,11.09025173507065,5.551115123125783e-16,2.6645352591003757e-15
feed_plus_1_percent,450.0,1.01,0.016686053999032623,0.5346065039085335,0.9923860933806998,4.9874,0.50063,0.5,0.4961930466903499,0.008343026999516312,25.0,11.094991313884147,6.661338147750939e-16,8.881784197001252e-16
feed_plus_1_percent,460.0,1.01,0.016716730851059423,0.5347229703320582,0.9923933837282269,5.0874,0.5006300000000001,0.5,0.49619669186411347,0.008358365425529712,25.1,11.09953460704205,6.661338147750939e-16,2.6645352591003757e-15
feed_plus_1_percent,470.0,1.01,0.01674545990869817,0.5348316419989335,0.9924001767866298,5.1874,0.50063,0.5,0.4962000883933149,0.008372729954349085,25.200000000000003,11.103894242706644,5.551115123125783e-16,2.6645352591003757e-15
feed_plus_1_percent,480.0,1.01,0.016772359861233536,0.5349330425587746,0.992406507144328,5.287400000000001,0.50063,0.5,0.496203253572164,0.008386179930616768,25.3,11.10808205926621,4.440892098500626e-16,1.7763568394002505e-15
feed_plus_1_percent,490.0,1.01,0.01679754288687823,0.5350276605841575,0.9924124069196023,5.3874,0.5006300000000002,0.5,0.49620620345980115,0.008398771443439115,25.400000000000006,11.112109151358784,3.3306690738754696e-16,8.881784197001252e-16
feed_plus_1_percent,500.0,1.01,0.016821114909828693,0.5351159518816667,0.9924179059437931,5.487400000000003,0.50063,0.5,0.49620895297189654,0.008410557454914347,25.500000000000007,11.115985913673844,5.551115123125783e-16,4.440892098500626e-16
bounded_perturbed_state,0.0,1.0,0.01,0.4996378772951076,0.9907451131604793,0.502,0.5008161641236268,0.49866612387669546,0.49537255658023965,0.005,20.50169698242989,10.25417445629015,0.0,0.0
bounded_perturbed_state,10.0,1.0,0.010015201626318177,0.49884408680132203,0.9900133843188779,0.5030308585527475,0.5000000000000008,0.49866612387669546,0.49500669215943893,0.005007600813159089,20.50169698242989,10.253680034550113,6.661338147750939e-16,9.547918011776346e-15
bounded_perturbed_state,20.0,1.0,0.010013297373953862,0.49884305851583266,0.9900107777403232,0.5030308585531841,0.5000000000000002,0.49866612387669546,0.4950053888701616,0.005006648686976931,20.501696982429888,10.253551892743877,1.609823385706477e-15,4.363176486776865e-14
bounded_perturbed_state,30.0,1.0,0.010012594339431158,0.4988374184537277,0.9900100933194546,0.5030308585532509,0.4999999999999995,0.49866612387669546,0.4950050466597273,0.005006297169715579,20.501696982429888,10.253435204569579,2.4147350785597155e-15,3.6692870963861424e-14
bounded_perturbed_state,40.0,1.0,0.010011970430310978,0.49883178937631983,0.9900095644034498,0.5030308585532256,0.49999999999999994,0.49866612387669546,0.4950047822017249,0.005005985215155489,20.50169698242989,10.253324684830917,1.3322676295501878e-15,1.5987211554602254e-14
bounded_perturbed_state,50.0,1.0,0.010011375009809417,0.49882642416940126,0.9900090757695655,0.503030858553194,0.4999999999999999,0.49866612387669546,0.49500453788478277,0.005005687504904708,20.501696982429888,10.25321974512508,3.885780586188048e-16,6.328271240363392e-15
bounded_perturbed_state,60.0,1.0,0.01001080704277363,0.49882132600828666,0.9900086153701249,0.5030308585531906,0.5,0.49866612387669546,0.49500430768506243,0.005005403521386815,20.501696982429884,10.253120084457052,6.661338147750939e-16,9.992007221626409e-16
bounded_perturbed_state,70.0,1.0,0.010010266493724673,0.49881648324570566,0.9900081795636244,0.5030308585531897,0.5000000000000001,0.49866612387669546,0.4950040897818122,0.005005133246862336,20.501696982429884,10.25302543434192,6.661338147750939e-16,3.6637359812630166e-15
bounded_perturbed_state,80.0,1.0,0.010009752636377633,0.49881188350836714,0.990007766270838,0.5030308585531916,0.5000000000000003,0.49866612387669546,0.495003883135419,0.0050048763181888166,20.501696982429884,10.252935541887545,8.881784197001252e-16,6.106226635438361e-15
bounded_perturbed_state,90.0,1.0,0.010009264415250194,0.4988075147669332,0.9900073740010925,0.5030308585531926,0.5000000000000001,0.49866612387669546,0.49500368700054626,0.005004632207625097,20.501696982429884,10.252850167513483,3.2751579226442118e-15,3.552713678800501e-15
bounded_perturbed_state,100.0,1.0,0.010008800664945302,0.49880336549235293,0.9900070015428499,0.5030308585531869,0.5000000000000001,0.49866612387669546,0.49500350077142496,0.005004400332472651,20.501696982429884,10.252769083927753,2.220446049250313e-15,4.996003610813204e-16
bounded_perturbed_state,110.0,1.0,0.010008360207547579,0.4987994246904568,0.9900066478340238,0.5030308585531874,0.5,0.49866612387669546,0.4950033239170119,0.0050041801037737895,20.501696982429884,10.252692075371623,1.5543122344752192e-15,4.6629367034256575e-15
bounded_perturbed_state,120.0,1.0,0.010007941893501055,0.498795681900221,0.990006311904403,0.5030308585531847,0.5000000000000002,0.49866612387669546,0.4950031559522015,0.005003970946750528,20.50169698242988,10.252618936980534,1.4432899320127035e-15,1.1102230246251565e-15
bounded_perturbed_state,130.0,1.0,0.010007544617730804,0.498792127177887,0.9900059928492313,0.5030308585531852,0.5000000000000001,0.49866612387669546,0.49500299642461565,0.005003772308865402,20.50169698242988,10.252549474210396,1.1102230246251565e-15,5.551115123125783e-15
bounded_perturbed_state,140.0,1.0,0.010007167325045762,0.49878875107572745,0.9900056898164135,0.5030308585531873,0.5,0.49866612387669546,0.49500284490820673,0.005003583662522881,20.501696982429877,10.252483502307207,1.887379141862766e-15,6.106226635438361e-15
bounded_perturbed_state,150.0,1.0,0.010006809010948818,0.4987855446191901,0.9900054019997361,0.5030308585531822,0.5,0.49866612387669546,0.49500270099986804,0.005003404505474409,20.501696982429877,10.252420845809656,1.5543122344752192e-15,1.3322676295501878e-15
bounded_perturbed_state,160.0,1.0,0.010006468720523031,0.4987824992840253,0.9900051286347631,0.5030308585531831,0.5000000000000001,0.49866612387669546,0.49500256431738154,0.0050032343602615156,20.501696982429877,10.252361338079531,9.992007221626409e-16,4.3298697960381105e-15
bounded_perturbed_state,170.0,1.0,0.010006145546553347,0.4987796069740479,0.9900048689959612,0.5030308585531811,0.5,0.49866612387669546,0.4950024344979806,0.0050030727732766735,20.501696982429877,10.25230482085697,1.1657341758564144e-15,2.6645352591003757e-15
bounded_perturbed_state,180.0,1.0,0.010005838627386417,0.4987768599997965,0.9900046223944122,0.5030308585531781,0.49999999999999983,0.49866612387669546,0.4950023111972061,0.005002919313693208,20.501696982429877,10.25225114383862,1.4432899320127035e-15,7.771561172376096e-16
bounded_perturbed_state,190.0,1.0,0.010005547144743682,0.49877425105816653,0.990004388175832,0.5030308585531811,0.5,0.49866612387669546,0.495002194087916,0.005002773572371841,20.501696982429877,10.252200164277271,1.3322676295501878e-15,4.9960036108132044e-15
bounded_perturbed_state,200.0,1.0,0.010005270321577515,0.4987717732130286,0.9900041657187767,0.5030308585531792,0.5000000000000002,0.49866612387669546,0.49500208285938835,0.005002635160788757,20.501696982429873,10.25215174660176,1.7763568394002505e-15,3.4416913763379853e-15
bounded_perturbed_state,210.0,1.0,0.010005007420007588,0.49876941987679696,0.9900039544329704,0.5030308585531806,0.5000000000000001,0.49866612387669546,0.4950019772164852,0.005002503710003794,20.501696982429877,10.252105762056024,1.4432899320127035e-15,5.773159728050814e-15
bounded_perturbed_state,220.0,1.0,0.010004757739348755,0.4987671847929205,0.9900037537577357,0.5030308585531786,0.5000000000000001,0.49866612387669546,0.4950018768788679,0.005002378869674378,20.501696982429873,10.252062088356357,1.4988010832439613e-15,4.9960036108132044e-15
bounded_perturbed_state,230.0,1.0,0.010004520614234371,0.4987650620192492,0.9900035631605069,0.5030308585531761,0.4999999999999999,0.49866612387669546,0.49500178158025343,0.0050022603071171855,20.501696982429873,10.252020609365934,1.3877787807814457e-15,4.6629367034256575e-15
bounded_perturbed_state,240.0,1.0,0.01000429541283222,0.4987630459122342,0.9900033821354225,0.5030308585531758,0.49999999999999983,0.49866612387669546,0.49500169106771125,0.00500214770641611,20.50169698242987,10.251981214785687,1.2212453270876722e-15,2.4424906541753444e-15
bounded_perturbed_state,250.0,1.0,0.010004081535150172,0.49876113111192255,0.9900032102019877,0.5030308585531743,0.5,0.49866612387669546,0.49500160510099384,0.005002040767575086,20.50169698242987,10.251943799860777,1.1102230246251565e-15,3.6637359812630166e-15
bounded_perturbed_state,260.0,1.0,0.010003878411427766,0.4987593125277057,0.9900030469038043,0.5030308585531742,0.5000000000000001,0.49866612387669546,0.4950015234519021,0.005001939205713883,20.50169698242987,10.251908265101813,5.551115123125783e-16,1.9984014443252818e-15
bounded_perturbed_state,270.0,1.0,0.010003685500608818,0.4987575853247829,0.9900028918073638,0.5030308585531726,0.49999999999999994,0.49866612387669546,0.4950014459036819,0.005001842750304409,20.50169698242987,10.251874516020091,4.440892098500626e-16,2.220446049250313e-15
bounded_perturbed_state,280.0,1.0,0.010003502288892121,0.49875594491130687,0.9900027445009025,0.5030308585531736,0.5000000000000001,0.49866612387669546,0.49500137225045127,0.005001751144446061,20.50169698242987,10.251842462876194,6.661338147750939e-16,4.218847493575595e-15
bounded_perturbed_state,290.0,1.0,0.010003328288354978,0.4987543869261734,0.9900026045933129,0.5030308585531716,0.5,0.49866612387669546,0.49500130229665645,0.005001664144177489,20.501696982429866,10.251812020441177,5.551115123125783e-16,4.884981308350689e-15
bounded_perturbed_state,300.0,1.0,0.010003163035647113,0.49875290722742693,0.9900024717131066,0.503030858553172,0.5000000000000001,0.49866612387669546,0.4950012358565533,0.005001581517823556,20.50169698242987,10.251783107769821,9.992007221626409e-16,3.9968028886505635e-15
bounded_perturbed_state,310.0,1.0,0.010003006090750336,0.49875150188124634,0.9900023455074346,0.5030308585531702,0.5000000000000001,0.49866612387669546,0.4950011727537173,0.005001503045375168,20.501696982429866,10.251755647985274,6.661338147750939e-16,3.6637359812630166e-15
bounded_perturbed_state,320.0,1.0,0.010002857035801505,0.49875016715148685,0.9900022256411519,0.5030308585531715,0.5,0.49866612387669546,0.49500111282057596,0.005001428517900752,20.501696982429866,10.251729568074506,4.440892098500626e-16,7.438494264988549e-15
bounded_perturbed_state,330.0,1.0,0.010002715473974634,0.4987488994897452,0.9900021117959307,0.5030308585531698,0.49999999999999994,0.49866612387669546,0.49500105589796534,0.005001357736987317,20.501696982429866,10.251704798694087,7.771561172376096e-16,6.5503158452884236e-15
bounded_perturbed_state,340.0,1.0,0.01000258102842003,0.49874769552592657,0.9900020036694174,0.5030308585531682,0.4999999999999999,0.49866612387669546,0.4950010018347087,0.005001290514210015,20.501696982429863,10.25168127398571,6.661338147750939e-16,6.217248937900877e-15
bounded_perturbed_state,350.0,1.0,0.010002453341256885,0.4987465520592821,0.9900019009744323,0.5030308585531679,0.5000000000000002,0.49866612387669546,0.49500095048721615,0.005001226670628443,20.501696982429863,10.251658931400979,8.881784197001252e-16,7.549516567451064e-15
bounded_perturbed_state,360.0,1.0,0.010002332072616837,0.49874546604990094,0.9900018034382095,0.5030308585531688,0.5,0.49866612387669546,0.49500090171910477,0.0050011660363084185,20.501696982429863,10.251637711535052,7.771561172376096e-16,6.8833827526759706e-15
bounded_perturbed_state,370.0,1.0,0.010002216899735987,0.49874443461062634,0.9900017108016725,0.5030308585531656,0.5000000000000001,0.49866612387669546,0.49500085540083627,0.005001108449867993,20.501696982429863,10.251617557968599,6.661338147750939e-16,5.10702591327572e-15
bounded_perturbed_state,380.0,1.0,0.010002107516092951,0.4987434549993805,0.990001622818751,0.503030858553164,0.5,0.49866612387669546,0.4950008114093755,0.0050010537580464755,20.50169698242986,10.25159841711775,4.440892098500626e-16,6.661338147750939e-15
bounded_perturbed_state,390.0,1.0,0.010002003630590095,0.49874252461187374,0.9900015392557241,0.503030858553165,0.5000000000000001,0.49866612387669546,0.49500076962786205,0.005001001815295047,20.501696982429863,10.251580238091561,4.440892098500626e-16,9.547918011776346e-15
bounded_perturbed_state,400.0,1.0,0.010001904966776535,0.4987416409746809,0.9900014598906064,0.5030308585531635,0.49999999999999994,0.49866612387669546,0.4950007299453032,0.005000952483388267,20.50169698242986,10.25156297255666,5.551115123125783e-16,5.329070518200751e-15
bounded_perturbed_state,410.0,1.0,0.01000181126211023,0.4987408017386647,0.990001384512554,0.5030308585531604,0.5000000000000001,0.49866612387669546,0.495000692256277,0.005000905631055115,20.501696982429856,10.251546574608694,5.551115123125783e-16,4.6629367034256575e-15
bounded_perturbed_state,420.0,1.0,0.010001722267257346,0.49874000467273,0.9900013129213111,0.5030308585531581,0.4999999999999999,0.49866612387669546,0.49500065646065555,0.005000861133628673,20.501696982429856,10.251531000650232,4.440892098500626e-16,3.3306690738754696e-15
bounded_perturbed_state,430.0,1.0,0.01000163774542697,0.4987392476578934,0.9900012449266735,0.5030308585531594,0.49999999999999994,0.49866612387669546,0.49500062246333676,0.005000818872713485,20.501696982429856,10.251516209274822,5.551115123125783e-16,4.440892098500626e-15
bounded_perturbed_state,440.0,1.0,0.010001557471739418,0.4987385286816476,0.9900011803479882,0.5030308585531564,0.5,0.49866612387669546,0.4950005901739941,0.005000778735869709,20.501696982429852,10.251502161156868,6.661338147750939e-16,3.6637359812630166e-15
bounded_perturbed_state,450.0,1.0,0.010001481232626506,0.49873784583261294,0.9900011190136732,0.5030308585531552,0.5000000000000001,0.49866612387669546,0.4950005595068366,0.005000740616313253,20.501696982429852,10.251488818947044,4.440892098500626e-16,3.4416913763379853e-15
bounded_perturbed_state,460.0,1.0,0.010001408825262058,0.49873719729545374,0.9900010607607613,0.5030308585531567,0.49999999999999994,0.49866612387669546,0.49500053038038067,0.005000704412631029,20.501696982429852,10.251476147172971,5.551115123125783e-16,5.440092820663267e-15
bounded_perturbed_state,470.0,1.0,0.010001340057020911,0.4987365813460543,0.9900010054344692,0.5030308585531552,0.5,0.49866612387669546,0.4950005027172346,0.005000670028510456,20.501696982429852,10.251464112144873,3.3306690738754696e-16,6.994405055138486e-15
bounded_perturbed_state,480.0,1.0,0.010001274744965608,0.4987359963469327,0.9900009528877856,0.5030308585531535,0.49999999999999994,0.49866612387669546,0.4950004764438928,0.005000637372482804,20.50169698242985,10.251452681865997,4.440892098500626e-16,6.328271240363392e-15
bounded_perturbed_state,490.0,1.0,0.010001212715358698,0.49873544074288945,0.9900009029810821,0.5030308585531532,0.5000000000000002,0.49866612387669546,0.49500045149054106,0.005000606357679349,20.50169698242985,10.25144182594752,9.992007221626409e-16,5.329070518200751e-15
bounded_perturbed_state,500.0,1.0,0.010001153803199664,0.49873491305687145,0.9900008555817427,0.5030308585531522,0.5000000000000001,0.49866612387669546,0.49500042779087133,0.005000576901599832,20.50169698242985,10.251431515527733,7.771561172376096e-16,5.10702591327572e-15
