time_s,stage,volume,node_type,T_F,P_psia_hyd,ML_lbmol,MV_lbmol,L_out_used_lbmolph,V_out_lbmolph,x_n-Propane,y_n-Propane,x_n-Butane,y_n-Butane,x_n-Pentane,y_n-Pentane
0.25,1,reflux_drum,reflux_drum,120.44343394581858,220.43301503449746,1388.9844219318115,138.4948777463523,,,0.8795363972080572,0.9460631210040031,0.12042175537707407,0.053927266862750074,4.1847414868677655e-05,9.612133246902817e-06
0.25,2,rectifying_volume_1,tray,129.92143288982024,220.4805531816641,38.034427469051536,49.26556250674385,5660.071644157282,8449.390653973538,0.7551158572974742,0.8796894512196964,0.2447197749314553,0.1202688066033883,0.00016436777107036056,4.1742176915256446e-05
0.25,3,rectifying_volume_2,tray,140.99827028478248,220.52971416827572,34.29755026541788,12.750233367718774,5439.508909285938,8157.035418096329,0.6227093437523921,0.7935521708644464,0.3768484630323749,0.20632130805958054,0.0004421932152329251,0.0001265210759730718
0.25,4,rectifying_volume_3,tray,151.37218355545866,220.57872875167124,33.36536749337864,12.532042106767902,5314.511305635595,7936.711387903299,0.510010893707839,0.7040626956050303,0.48900323890710456,0.29562193479921417,0.00098586738505635,0.00031536959575549715
0.25,5,rectifying_volume_4,tray,159.40471046195125,220.62803693159958,32.787066722519334,12.37660019543609,5257.448123050951,7811.872028680581,0.429449897275334,0.6288776804758035,0.5685919270955037,0.37044015807864,0.0019581756291622006,0.0006821614455565394
0.25,6,rectifying_volume_5,tray,164.86134757036012,220.67767934638516,32.39075107200222,12.282802742641994,5233.039359062847,7754.848305978625,0.3779929223076678,0.5752755308099704,0.618380554663592,0.4233872508664044,0.0036265230287401994,0.0013372183236250712
0.25,7,rectifying_volume_6,tray,168.33028680447586,220.72766698263632,32.17700987596654,12.224430234596745,5219.267127371058,7730.382409432372,0.34708934437127215,0.540996104857612,0.6464654272505029,0.45654251492025105,0.00644522837822484,0.0024613802221370527
0.25,8,rectifying_volume_7,tray,170.5465241770331,220.77789369099628,32.03856877937616,12.187495503153341,5205.062695215274,7716.4910700622795,0.3289216540331812,0.5204443381943324,0.6598991421183107,0.47519536405632207,0.011179203848508066,0.004360297749345567
0.25,9,rectifying_volume_8,tray,172.11942750121128,220.82819821711925,31.889145086859575,12.162634050954455,5183.808652643115,7702.136520760456,0.31796885524756685,0.5085269349770976,0.6629363177730491,0.4839265883448251,0.01909482697938411,0.00754647667807736
0.25,10,rectifying_volume_9,tray,173.52033660408043,220.87843201755348,31.686869669796152,12.14083549684203,5149.139475989661,7680.727349315703,0.31063545607311405,0.5016654662849002,0.6571215165697166,0.4854703645826034,0.03224302735716926,0.012864169132496493
0.25,11,rectifying_volume_10,tray,175.15615788169012,220.92848949792148,31.41516827513352,12.11206479387405,5092.689731600459,7645.916824991752,0.3045163444560128,0.49759653729656517,0.6416562339656844,0.48073381899822576,0.05382742157830291,0.02166964370520906
0.25,12,feed_tray,tray,177.4604852370706,221.00341826686318,45.86960597561505,10.90322121898557,12218.059328239382,7589.34054498957,0.2978004722149599,0.49492767787428926,0.6136854010710092,0.4690209140301649,0.08851412671403078,0.03605140809554583
0.25,13,stripping_volume_1,tray,180.95717704298679,221.07890370137042,45.676680493664854,10.84995887214766,12238.796568125397,7571.617013130789,0.26920910954824845,0.4574209065027769,0.6409094713504472,0.5046503503200995,0.0898814191013043,0.0379287431771236
0.25,14,stripping_volume_2,tray,185.14905937561232,221.15543107446075,45.49922953106673,10.78500683376273,12275.81439485763,7592.259726290024,0.23571716359677725,0.41101199529215765,0.6728075124352478,0.548730025455014,0.09147532396797485,0.040257979252828154
0.25,15,stripping_volume_3,tray,189.90285080648164,221.23322393741688,45.292130906338045,10.716337723778928,12332.709613189229,7629.183750130502,0.19876593626427425,0.3565826656741246,0.707899576639712,0.6003659177332262,0.09333448709601368,0.0430514165926491
0.25,16,stripping_volume_4,tray,194.98145292406326,221.3026467168915,53.46358356501043,12.08733796167796,12408.051379198994,7685.96173526594,0.16052474195236605,0.2965627939247145,0.7437521342706036,0.6570553689517731,0.09572312377703036,0.046381837123512445
0.25,17,stripping_volume_5,tray,200.1272099254659,221.37344110258044,53.165094171689695,12.014638521863462,12493.82209751707,7761.144686949763,0.12342745274195553,0.23466678988893294,0.777010193100802,0.7146900359836565,0.0995623541572425,0.050643174127410436
0.25,18,stripping_volume_6,tray,205.19943603715228,221.44621036973885,53.1975957968714,11.917690212741514,12571.425458422964,7846.69476293504,0.08953009816175181,0.17495879155680427,0.802994855762361,0.7678092443067938,0.10747504607588723,0.05723196413640204
0.25,19,stripping_volume_7,tray,210.40191273406876,221.5203194125902,52.762885162446096,11.85042046163158,12606.64099084063,7924.017940190776,0.06011808167462696,0.12080800764154628,0.8136955337614913,0.8090168346443092,0.12618638456388168,0.07017515771414459
0.25,20,combined_reboiler_sump,reboiler_sump,216.65751445150212,221.54549142484387,790.7652654005515,74.24996152792622,,7958.898264762938,0.03564809215584506,0.07415868282609205,0.7927079296727833,0.8258938073219768,0.1716439781713717,0.09994750985193124
0.5,1,reflux_drum,reflux_drum,120.44338940260015,220.4329086631712,1388.9855658075755,138.4947352216082,,,0.8795364647217161,0.9460631646688531,0.12042168791000603,0.053927223212557975,4.184736827790756e-05,9.612118588855064e-06
0.5,2,rectifying_volume_1,tray,129.92126193288968,220.48044654929586,38.03444423512301,49.26554930218337,5660.073604235912,8449.349543189684,0.7551174936239147,0.8796904305992203,0.2447181411883305,0.12026782795239563,0.00016436518775489125,4.174144838405851e-05
0.5,3,rectifying_volume_2,tray,140.99801266899027,220.52960725617214,34.297568243266966,12.750231955975917,5439.510011167354,8156.994433184219,0.6227117953593034,0.7935539754791886,0.37684601888804253,0.20631950591500778,0.000442185752653971,0.00012651860580369814
0.5,4,rectifying_volume_3,tray,151.3719199684454,220.57862154236,33.365379981588845,12.53204058779291,5314.510294735789,7936.669392045323,0.5100131850206114,0.7040647349823473,0.4890009627629556,0.29561990111326947,0.0009858522164327812,0.0003153639043831991
0.5,5,rectifying_volume_4,tray,159.4044932431165,220.62792940658525,32.78707201765821,12.376597606389899,5257.445378013343,7811.827632600807,0.42945158000554984,0.6288794085225965,0.568590271568328,0.3704384409485733,0.001958148426122233,0.0006821505288302667
0.5,6,rectifying_volume_5,tray,164.86118540144327,220.67757149158348,32.39075069451319,12.28279910629274,5233.035567821966,7754.80168361316,0.37799400803546224,0.5752767609482443,0.6183795156855657,0.42338603995836777,0.003626476278972179,0.0013371990933879869
0.5,7,rectifying_volume_6,tray,168.33016571779967,220.72755878741833,32.17700586956927,12.224425915315019,5219.262757730744,7730.334074150597,0.3470900115257691,0.5409969129612128,0.6464648391706531,0.4565417395493442,0.006445149303577826,0.0024613474894429324
0.5,8,rectifying_volume_7,tray,170.54642521885205,220.77778514608482,32.038562933136504,12.187490864581342,5205.058037130226,7716.4413742818815,0.32892208893604996,0.5204448866911452,0.6598988385798138,0.47519487015594036,0.01117907248413613,0.004360243152914427
0.5,9,rectifying_volume_8,tray,172.11933320349107,220.82808931347245,31.889138914968324,12.162629384012455,5183.803925835499,7702.085672393493,0.3179692118333091,0.5085273868886668,0.6629361699901043,0.483926224146441,0.019094618176586663,0.007546388964892186
0.5,10,rectifying_volume_9,tray,173.52023308651485,220.87832274593302,31.68686426545877,12.140831011087574,5149.134828088242,7680.675481900011,0.31063585305793556,0.50166596091104,0.657121417878412,0.4854699985908095,0.03224272906365247,0.012864040498150564
0.5,11,rectifying_volume_10,tray,175.15603886189604,220.9283798484785,31.415163647273495,12.11206054993128,5092.685092991382,7645.863966830377,0.3045168541032843,0.49759717664479874,0.6416560537536654,0.48073333171812355,0.0538270921430504,0.021669491637077678
0.5,12,feed_tray,tray,177.46035996329996,221.0033082254089,45.86960101620204,10.903217824174824,12218.052017747517,7589.286477773242,0.2978010928303484,0.4949285086498171,0.6136849063363008,0.4690201717543296,0.0885140008333509,0.036051319595853296
0.5,13,stripping_volume_1,tray,180.9570039623451,221.07879322530798,45.67667644028276,10.849956287696394,12238.788056161291,7571.559101707378,0.2692101112405701,0.4574222952449794,0.6409085900582758,0.5046490695147612,0.08988129870115397,0.037928635240259495
0.5,14,stripping_volume_2,tray,185.14884886020903,221.15532012911552,45.49922492020854,10.785004865448485,12275.804245723066,7592.1995553208235,0.23571844350638532,0.41101386596984707,0.6728063390482152,0.5487282765576229,0.09147521744539946,0.04025785747253013
0.5,15,stripping_volume_3,tray,189.90261867425883,221.23311248532758,45.29212432626066,10.71633610420629,12332.697569611286,7629.121004799577,0.19876735183806873,0.3565848634795795,0.7078982552378666,0.6003638511881597,0.09333439292406456,0.04305128533226076
0.5,16,stripping_volume_4,tray,194.98121888986023,221.30253483878192,53.46357425697172,12.087336187035012,12408.037190336958,7685.896253727489,0.1605261298863639,0.29656508696394135,0.7437508404713828,0.6570532148308305,0.09572302964225322,0.0463816982052282
0.5,17,stripping_volume_5,tray,200.12698985446391,221.3733287679942,53.165080687502595,12.014636629425329,12493.806214975377,7761.07628383727,0.12342868458664977,0.23466894792104456,0.7770090874588007,0.7146880343256848,0.09956222795454946,0.050643017753270625
0.5,18,stripping_volume_6,tray,205.19924654510424,221.44609755360102,53.19757846319702,11.917688025875417,12571.408789478646,7846.623885072432,0.08953104493168867,0.17496054062864375,0.8029941069835971,0.7678076847146367,0.10747484808471428,0.05723177465671971
0.5,19,stripping_volume_7,tray,210.40177274265733,221.52020610002643,52.76286459421109,11.850417671940447,12606.624528163937,7923.945363792905,0.060118625493774454,0.12080906541847516,0.8136952441448357,0.8090159856534055,0.1261861303613898,0.07017494892811933
0.5,20,combined_reboiler_sump,reboiler_sump,216.65745567920925,221.545377660885,790.7402925275835,74.25206408303939,,7958.824748341736,0.03564815182349001,0.07415881845166762,0.7927078910073604,0.825893709205058,0.17164395716914949,0.0999474723432743
